{"3WNaXs9ToKt9Oj7s3XUXZQ==":"img-2000x1125.jpg","7WRDrm7olEjizvUwL0MrwA==":"18121348_1532258126847499_2045558424390400300_o-2000x953.jpg","O5SZJnuRvd8Y7cDp7hj9rg==":"2_aubertin,%201974,%20livre%20brul%C3%A9,%2073x80cm,%20burnt%20book%20det_-2000x1333.jpg","+mgINhePl0kndjTwIVCkqg==":"1-2000x1421.jpg","hCgtHe/KWPavdycO/Ky4Kg==":"img-2000x1500.jpg","AztmSH9m9grZWYvdVkhrng==":"img-1-2000x1500.jpg","v9Sjv2H43CZ86fAi45Hffg==":"3_the%20ha%20bik%20chuen%20archive-2000x1500.jpg","d2BDayVoh1wo9Kf79vG2Aw==":"4_montecristo%20project%20-%20isola-2000x1333.jpg","yzJjKBWzgMszBY9XJn69/g==":"ashley_bickerton-1400x717.jpg","b4f+ugm+/rsCg4emWgXm4g==":"unspecified-1400x1281.jpg","lCW2Zr2eESxM6zFwifBesw==":"unspecified-1400x1640.jpg","nE4S73LmdWVKO+VDTaYdbA==":"img-1400x787.jpg","OGijm97XldfrHVScGOc4XQ==":"img-1-1400x787.jpg","6TV9NVb11yx9qfmmAgznug==":"img-1400x966.jpg","h0sz11+ufhVLT1QFU0PyFg==":"1_b-2000x3600.jpg","Rstf13kH/nCOJGKWRZCWDg==":"3_aubertin,%201974,%20monochrome%20rouge,%20150x75cm,%20oil%20on%20canvas-2000x3944.jpg","3fQ/daUD/02436XKDSi8gQ==":"4_b-2000x1333.jpg","RQvEBtiU/akjqAtWkB6OPw==":"5_b-2000x3000.jpg","45Ol1z4b6hhm/dhkWKCk7Q==":"6_b-2000x1333.jpg","FxSKpZ2XC2gB6a2L5w8oOQ==":"2_aubertin,%201974,%20livre%20brul%C3%A9,%2073x80cm,%20burnt%20book%20det_-1400x933.jpg","2bBybqH783HfLe4JMwmIpg==":"img_extheader11_bg.jpg","hzRw2balUYuhB/Ep9KPmIA==":"vulgarity-1400x715.jpg","KPahWKfGbfMx+oxBZXUmKw==":"businessstory_frank_olioeacrilicosutela_140x60cm-2000x852.jpg","0vtdY31GkdERl+Yilztksw==":"ashley_bickerton-2000x1024.jpg","tZReS8CStRV4MpPREklTdQ==":"vulgarity-2000x1022.jpg","crsbKk/GYUWPYVLrp9QFxg==":"mindvogue_diego_acrilicosutela_100x80-1400x1735.jpg","TsCiCjcNmHB/9Xno5kbSRw==":"anonymousproject_mr-2000x2513.jpg","Y8ZVzIUpl3MGpAVt3RNSbQ==":"anonymuosproject_numero11_acrilicosutela_50x50-2000x2000.jpg","foopi4jHkhkS4vFrVmZc6A==":"anonymuosproject_numero12_acrilicosutela_50x50-2000x1991.jpg","T5XdTO+IeLnkq+VJn1NTYw==":"anonymuosproject_numero18_acrilicosutela_50x50-2000x2013.jpg","OsR/0W+XCQc3fgkLAK02LQ==":"anonymuosproject_numero24_acrilicosutela_50x50-2000x1982.jpg","0yLW/JUoV6azyeDWcWkhkw==":"anonymuosproject_numero25_acrilicosutela_50x50-2000x2000.jpg","iiDcZlA8G3TRE6wnnk9fcQ==":"anonymuosproject_thethreeswimmers_acrilicosutela_150x100cm-2000x2757.jpg","8Aa3RhDnz6d6OBpy8+WISQ==":"businessstory_edward_oliosutela_150x60cm-2000x799.jpg","WWtGa5qNu/Xga4OpJJstig==":"businessstory_paul_olioeacrilicosutela_140x60cm-2000x858.jpg","IWt+kUmPTtXAceDGaJvSpg==":"businessstory_william_olioeacrilicosutela_120x50-2000x828.jpg","2vcoIyO1UWYwn7YF+4zi5g==":"mindvogue_agata_acrilicosutela_120x90-2000x2607.jpg","MVbHqSRtmSrL278pfBGMgg==":"mindvogue_aldo_acrilicosutela_120x90-2000x2619.jpg","QwuAN8lil7IqolTJc6yoxQ==":"mindvogue_davide_acrilicosutela_120x90-2000x2611.jpg","DoEJh6iZ0FnTus7A6cuKRg==":"mindvogue_diego_acrilicosutela_100x80-2000x2479.jpg","c86Npy28MhEDIA1DJ0n/Aw==":"mindvogue_ernesto_acrilicosutela_100x80-2000x2544.jpg","4VfuAMy5XJCLC7BuJ1lVvQ==":"mostra_ecologyofmind_forte%20marghera_ve_italia-2000x2858.jpg","6DvLJCZ64QfF+EGY/VLGqw==":"mostra_lostinchaos_institutfran%C3%A7aismilano_palazzodellestellinemilanoitalia_2013-2000x1331.jpg","uJcL6hdmTBp5+3eYgQKWRw==":"mostra_lostinchaos_institutfran%C3%A7aismilano_palazzodellestellinemilanoitalia_2013-2000x1500.jpg","9M/4QjljIcaJT2bi81jXMQ==":"mostra_lostinchaos_institutfran%C3%A7aismilano_palazzodellestellinemilanoitalia_2013-2000x1334.jpg","0y9LjBaJn+HPkM2VqI1REg==":"mostra_premioarte2013_museodellapermanente_milano_italia-2000x1500.jpg","+VhadD3jTryoV69Gzkmpkg==":"mostra_under25_premioartelaguna_venezia_italia-2000x2666.jpg","dhcydBQDLzZASQxjGXEvcw==":"mostra_premiomarchionni_magmma%20museoartegraficadelmediterraneomarchionni,%20villacidro_sardegna_italia-2000x1200.jpg","wfbotFC76VLmJ5cVLJa/iQ==":"1-1400x994.jpg","QNJWZ6v7b5jX2i/hGBJYgg==":"2-2000x2833.jpg","dpJ4S+OKBN6GMDa3jDuHhQ==":"3-2000x1663.jpg","T29f8z+ZFRz+mXYmnWW8rA==":"4-2000x1441.jpg","s9k4qpdlhDYwALlPKmZ/Ow==":"5_-2000x1930.jpg","Hv/sNemOObVdZSC2m7zDww==":"6_-2000x2023.jpg","yzcJJoVlI7KKrZrcxWfNyA==":"7_jpg-2000x2000.jpg","WJgiQY5YAOHWUul7uJHaTw==":"4_zeng%20jianyong-1400x933.jpg","8Jyx+WCd04ybWWsonf1OhQ==":"1_harwoodyo%20ha%20%20plastic%20raft%20of%20lampedusa%20(2016)-2000x2665.jpg","JOF2jyeVCuvWhYmRnxlCDQ==":"2_i-2000x1500.jpg","6qOFgSoIBfenXcn98vcdFw==":"4_zeng%20jianyong-2000x1333.jpg","Zqcn0K+EAQL64dweSM/zzw==":"5_olu-2000x1500.jpg","z7e2nBB2CnsiYmv2pq/SxA==":"3_rose_rachel-2000x792.jpg","6e2OoAwJzfyPKtiLUNjC6g==":"1_liu_ye-1400x877.jpg","054IjR3cw2MbaHWszpIPpA==":"1_liu_ye-2000x1253.jpg","pvtY0rw7g/9AVrg06BXKmQ==":"2_michel_blazy-2000x1333.jpg","0tymSdNdzVMeNNaGUbp3Zg==":"4_koki%20tanaka-2000x1333.jpg","/fEAcXGSZ2OeyjXDXO7kaw==":"5_germania-2000x1333.jpg","q0LxG5DU1Bxw+9Rl4GZK7A==":"6_hirst-2000x1500.jpg","IRe03b4UxoPRUxHUnxXO/g==":"7_hirst-2000x1500.jpg","9WMmZLO6mIO9qDHjPwiJSA==":"8_hirst-2000x1500.jpg","rZKjnPZzan+FCW/23fOpzQ==":"6_hirst-2000x2666.jpg","K6XG1vzhy/BGBB7pfv7Jmg==":"2_moment%20kf1%20colors-2000x1000.jpg","Bp3hIFL/H/0DuMtK0iFqLg==":"1_moment%20kf4%20colors-1400x700.jpg","CGMWCBhMuefJdPLikS7/kg==":"1_moment%20kf4%20colors-2000x1000.jpg","YEm51UIvFqqlKei8pwyk7g==":"3_ride%20kf2%20colors-2000x1000.jpg","SRg9DI9VWaxARqZyTUHdEA==":"4_-2000x1123.jpg","fPmgcerYQ4kJaeGyZHMIsw==":"5_levelup10-2000x1123.jpg","UDxCRdJHFCa2k96BEcbwew==":"6_unnamed-2000x2923.jpg","uEUUMSXK5spLou9auRhdcw==":"5_montecristo%20project%20-%20lo%20spazio%20espositivo-1400x933.jpg","4QITx+1UzFb1gEmawHVPqA==":"1_models%20of%20display%20-%20montecristo%20project%20torre%20spagnola-2000x3000.jpg","XQYiXB0jAY1uiZOfxwfNtQ==":"2_models%20of%20display%20-tonino%20casula%20(our%20most%20beloved%20techno-archaic%20artist)%202016-2000x2999.jpg","IIqTQ5EP1PWuCHbOu6OdTg==":"3_models%20of%20display-tonino%20casula,%20montecristo%20project%202016%20-%20installation%20shot%205-2000x1363.jpg","TLCJgViEfHTxtUGRQ0ylQg==":"5_montecristo%20project%20-%20lo%20spazio%20espositivo-2000x1332.jpg","K5CWrDYp3gXnfsPYP//cWQ==":"6_salavatore%20moro-montecristo%20project-2000x2999.jpg","BVb2/rdyJqVEq6Pw6LPqhA==":"7_salvatore%20moro-montecristo%20project-2016,%20installation%20shot%201-2000x1318.jpg","Z7BKuyTIi43VWFNoGnBtIQ==":"8_salvatore%20moro-montecristo%20project,%202016-2000x3000.jpg","kSVeNajN3kT8OUwM0bk67g==":"homejcm-2000x1125.jpg","r8V52NpOhRypRcaHeD0d+A==":"marinka-dallos_1400-2000x768.jpg","Sp8aqbYzHiikxxJX9wmnkg==":"kiev-1400x560.jpg","ZzDUI2wI7mjoNt528W9LRQ==":"kiev-1400x700.jpg","b5NUpB55le+MG3Y6lVGq9g==":"kiev-1400x864.jpg","EA+ZLeBJXgYREvaOkbJPjQ==":"kiev-1400x909.jpg","FGrlQoO8Te9NoCTR4AefFw==":"kiev-1400x1149.jpg","V7GOL9hz8j3topsgVqel5g==":"kiev-2000x801.jpg"}